split,model,probability_range,count,mean_predicted_probability,observed_accuracy
OUT-OF-SAMPLE,bookmaker_probability,0.0-0.1,0,,
OUT-OF-SAMPLE,bookmaker_probability,0.1-0.2,0,,
OUT-OF-SAMPLE,bookmaker_probability,0.2-0.3,0,,
OUT-OF-SAMPLE,bookmaker_probability,0.3-0.4,114,0.37871820183437593,0.40350877192982454
OUT-OF-SAMPLE,bookmaker_probability,0.4-0.5,235,0.4494479868041459,0.451063829787234
OUT-OF-SAMPLE,bookmaker_probability,0.5-0.6,201,0.5501304692014444,0.46766169154228854
OUT-OF-SAMPLE,bookmaker_probability,0.6-0.7,136,0.649787123605555,0.6544117647058824
OUT-OF-SAMPLE,bookmaker_probability,0.7-0.8,56,0.74145511823807,0.6785714285714286
OUT-OF-SAMPLE,bookmaker_probability,0.8-0.9,18,0.8329031430301311,1.0
OUT-OF-SAMPLE,bookmaker_probability,0.9-1.0,0,,
OUT-OF-SAMPLE,gradient_boosting,0.0-0.1,0,,
OUT-OF-SAMPLE,gradient_boosting,0.1-0.2,0,,
OUT-OF-SAMPLE,gradient_boosting,0.2-0.3,0,,
OUT-OF-SAMPLE,gradient_boosting,0.3-0.4,58,0.38214932924455003,0.3275862068965517
OUT-OF-SAMPLE,gradient_boosting,0.4-0.5,194,0.4456500414850083,0.44329896907216493
OUT-OF-SAMPLE,gradient_boosting,0.5-0.6,193,0.5509026526762525,0.37823834196891193
OUT-OF-SAMPLE,gradient_boosting,0.6-0.7,152,0.6563089170878501,0.5394736842105263
OUT-OF-SAMPLE,gradient_boosting,0.7-0.8,141,0.7483406710348349,0.6808510638297872
OUT-OF-SAMPLE,gradient_boosting,0.8-0.9,22,0.8155347727799946,0.6818181818181818
OUT-OF-SAMPLE,gradient_boosting,0.9-1.0,0,,
OUT-OF-SAMPLE,historical_frequency,0.0-0.1,0,,
OUT-OF-SAMPLE,historical_frequency,0.1-0.2,0,,
OUT-OF-SAMPLE,historical_frequency,0.2-0.3,0,,
OUT-OF-SAMPLE,historical_frequency,0.3-0.4,0,,
OUT-OF-SAMPLE,historical_frequency,0.4-0.5,760,0.44617224880382794,0.41710526315789476
OUT-OF-SAMPLE,historical_frequency,0.5-0.6,0,,
OUT-OF-SAMPLE,historical_frequency,0.6-0.7,0,,
OUT-OF-SAMPLE,historical_frequency,0.7-0.8,0,,
OUT-OF-SAMPLE,historical_frequency,0.8-0.9,0,,
OUT-OF-SAMPLE,historical_frequency,0.9-1.0,0,,
OUT-OF-SAMPLE,logistic_regression,0.0-0.1,0,,
OUT-OF-SAMPLE,logistic_regression,0.1-0.2,0,,
OUT-OF-SAMPLE,logistic_regression,0.2-0.3,0,,
OUT-OF-SAMPLE,logistic_regression,0.3-0.4,44,0.3819393765810044,0.4090909090909091
OUT-OF-SAMPLE,logistic_regression,0.4-0.5,209,0.45216311403968235,0.3827751196172249
OUT-OF-SAMPLE,logistic_regression,0.5-0.6,195,0.5515407102910186,0.441025641025641
OUT-OF-SAMPLE,logistic_regression,0.6-0.7,166,0.6496324004209527,0.6325301204819277
OUT-OF-SAMPLE,logistic_regression,0.7-0.8,97,0.7471214048089513,0.5463917525773195
OUT-OF-SAMPLE,logistic_regression,0.8-0.9,45,0.8406949544703246,0.8222222222222222
OUT-OF-SAMPLE,logistic_regression,0.9-1.0,4,0.9245853573353886,1.0
OUT-OF-SAMPLE,random_forest,0.0-0.1,0,,
OUT-OF-SAMPLE,random_forest,0.1-0.2,0,,
OUT-OF-SAMPLE,random_forest,0.2-0.3,0,,
OUT-OF-SAMPLE,random_forest,0.3-0.4,119,0.37625407692460583,0.46218487394957986
OUT-OF-SAMPLE,random_forest,0.4-0.5,240,0.4493550317279277,0.4041666666666667
OUT-OF-SAMPLE,random_forest,0.5-0.6,204,0.5502706202385838,0.5392156862745098
OUT-OF-SAMPLE,random_forest,0.6-0.7,137,0.6429776621080342,0.6131386861313869
OUT-OF-SAMPLE,random_forest,0.7-0.8,56,0.7368869266253444,0.75
OUT-OF-SAMPLE,random_forest,0.8-0.9,4,0.8098946308093504,1.0
OUT-OF-SAMPLE,random_forest,0.9-1.0,0,,
OUT-OF-SAMPLE_REFIT,gradient_boosting_train_validation,0.0-0.1,0,,
OUT-OF-SAMPLE_REFIT,gradient_boosting_train_validation,0.1-0.2,0,,
OUT-OF-SAMPLE_REFIT,gradient_boosting_train_validation,0.2-0.3,0,,
OUT-OF-SAMPLE_REFIT,gradient_boosting_train_validation,0.3-0.4,91,0.3762220625017305,0.3626373626373626
OUT-OF-SAMPLE_REFIT,gradient_boosting_train_validation,0.4-0.5,233,0.4463330210943785,0.3905579399141631
OUT-OF-SAMPLE_REFIT,gradient_boosting_train_validation,0.5-0.6,171,0.5492129722470622,0.47953216374269003
OUT-OF-SAMPLE_REFIT,gradient_boosting_train_validation,0.6-0.7,126,0.6495230429788165,0.5317460317460317
OUT-OF-SAMPLE_REFIT,gradient_boosting_train_validation,0.7-0.8,111,0.7454888469278876,0.6486486486486487
OUT-OF-SAMPLE_REFIT,gradient_boosting_train_validation,0.8-0.9,28,0.8241110814918814,0.8571428571428571
OUT-OF-SAMPLE_REFIT,gradient_boosting_train_validation,0.9-1.0,0,,
OUT-OF-SAMPLE_REFIT,logistic_regression_train_validation,0.0-0.1,0,,
OUT-OF-SAMPLE_REFIT,logistic_regression_train_validation,0.1-0.2,0,,
OUT-OF-SAMPLE_REFIT,logistic_regression_train_validation,0.2-0.3,0,,
OUT-OF-SAMPLE_REFIT,logistic_regression_train_validation,0.3-0.4,43,0.3816987778971603,0.3488372093023256
OUT-OF-SAMPLE_REFIT,logistic_regression_train_validation,0.4-0.5,221,0.4497073309051058,0.3891402714932127
OUT-OF-SAMPLE_REFIT,logistic_regression_train_validation,0.5-0.6,172,0.5527790471541992,0.4418604651162791
OUT-OF-SAMPLE_REFIT,logistic_regression_train_validation,0.6-0.7,168,0.6460285948862247,0.6011904761904762
OUT-OF-SAMPLE_REFIT,logistic_regression_train_validation,0.7-0.8,100,0.7450645033161654,0.57
OUT-OF-SAMPLE_REFIT,logistic_regression_train_validation,0.8-0.9,52,0.8435103251791222,0.7884615384615384
OUT-OF-SAMPLE_REFIT,logistic_regression_train_validation,0.9-1.0,4,0.9340789191533287,1.0
OUT-OF-SAMPLE_REFIT,random_forest_train_validation,0.0-0.1,0,,
OUT-OF-SAMPLE_REFIT,random_forest_train_validation,0.1-0.2,0,,
OUT-OF-SAMPLE_REFIT,random_forest_train_validation,0.2-0.3,0,,
OUT-OF-SAMPLE_REFIT,random_forest_train_validation,0.3-0.4,122,0.37782995769829186,0.4426229508196721
OUT-OF-SAMPLE_REFIT,random_forest_train_validation,0.4-0.5,224,0.44206626189170567,0.40625
OUT-OF-SAMPLE_REFIT,random_forest_train_validation,0.5-0.6,176,0.5564948850500725,0.5284090909090909
OUT-OF-SAMPLE_REFIT,random_forest_train_validation,0.6-0.7,155,0.6442066426141057,0.567741935483871
OUT-OF-SAMPLE_REFIT,random_forest_train_validation,0.7-0.8,76,0.7362179118243688,0.7368421052631579
OUT-OF-SAMPLE_REFIT,random_forest_train_validation,0.8-0.9,7,0.834419505771763,0.8571428571428571
OUT-OF-SAMPLE_REFIT,random_forest_train_validation,0.9-1.0,0,,
TRAINING,bookmaker_probability,0.0-0.1,0,,
TRAINING,bookmaker_probability,0.1-0.2,0,,
TRAINING,bookmaker_probability,0.2-0.3,0,,
TRAINING,bookmaker_probability,0.3-0.4,688,0.3790454219377138,0.375
TRAINING,bookmaker_probability,0.4-0.5,1277,0.44974726303292123,0.44400939702427566
TRAINING,bookmaker_probability,0.5-0.6,871,0.5475194228495902,0.563719862227325
TRAINING,bookmaker_probability,0.6-0.7,689,0.6470914545354737,0.6777939042089985
TRAINING,bookmaker_probability,0.7-0.8,472,0.7491836511250807,0.7521186440677966
TRAINING,bookmaker_probability,0.8-0.9,181,0.8336835686697857,0.861878453038674
TRAINING,bookmaker_probability,0.9-1.0,2,0.912844626344574,1.0
TRAINING,gradient_boosting,0.0-0.1,0,,
TRAINING,gradient_boosting,0.1-0.2,0,,
TRAINING,gradient_boosting,0.2-0.3,0,,
TRAINING,gradient_boosting,0.3-0.4,653,0.3728845925726249,0.41347626339969373
TRAINING,gradient_boosting,0.4-0.5,1324,0.4452336556447966,0.4637462235649547
TRAINING,gradient_boosting,0.5-0.6,693,0.548858611589231,0.5743145743145743
TRAINING,gradient_boosting,0.6-0.7,729,0.6473914300784736,0.6570644718792867
TRAINING,gradient_boosting,0.7-0.8,664,0.738219172623733,0.8117469879518072
TRAINING,gradient_boosting,0.8-0.9,117,0.8301154372094819,0.9658119658119658
TRAINING,gradient_boosting,0.9-1.0,0,,
TRAINING,historical_frequency,0.0-0.1,0,,
TRAINING,historical_frequency,0.1-0.2,0,,
TRAINING,historical_frequency,0.2-0.3,0,,
TRAINING,historical_frequency,0.3-0.4,0,,
TRAINING,historical_frequency,0.4-0.5,4180,0.44617224880382794,0.4461722488038278
TRAINING,historical_frequency,0.5-0.6,0,,
TRAINING,historical_frequency,0.6-0.7,0,,
TRAINING,historical_frequency,0.7-0.8,0,,
TRAINING,historical_frequency,0.8-0.9,0,,
TRAINING,historical_frequency,0.9-1.0,0,,
TRAINING,logistic_regression,0.0-0.1,0,,
TRAINING,logistic_regression,0.1-0.2,0,,
TRAINING,logistic_regression,0.2-0.3,0,,
TRAINING,logistic_regression,0.3-0.4,659,0.37559324057075477,0.3960546282245827
TRAINING,logistic_regression,0.4-0.5,1165,0.4485211298716613,0.4231759656652361
TRAINING,logistic_regression,0.5-0.6,867,0.5467206958998116,0.5594002306805075
TRAINING,logistic_regression,0.6-0.7,610,0.6476833547688455,0.6475409836065574
TRAINING,logistic_regression,0.7-0.8,583,0.7470449259890136,0.7530017152658662
TRAINING,logistic_regression,0.8-0.9,282,0.8366455808902251,0.8262411347517731
TRAINING,logistic_regression,0.9-1.0,14,0.915012624424879,0.9285714285714286
TRAINING,random_forest,0.0-0.1,0,,
TRAINING,random_forest,0.1-0.2,0,,
TRAINING,random_forest,0.2-0.3,0,,
TRAINING,random_forest,0.3-0.4,732,0.37319765409974026,0.4275956284153005
TRAINING,random_forest,0.4-0.5,1252,0.44464383378653227,0.48801916932907347
TRAINING,random_forest,0.5-0.6,687,0.5480683261132043,0.5749636098981077
TRAINING,random_forest,0.6-0.7,684,0.6479978492843907,0.7002923976608187
TRAINING,random_forest,0.7-0.8,605,0.7477993720965457,0.8776859504132232
TRAINING,random_forest,0.8-0.9,220,0.8342230219354609,0.9863636363636363
TRAINING,random_forest,0.9-1.0,0,,
VALIDATION,bookmaker_probability,0.0-0.1,0,,
VALIDATION,bookmaker_probability,0.1-0.2,0,,
VALIDATION,bookmaker_probability,0.2-0.3,0,,
VALIDATION,bookmaker_probability,0.3-0.4,114,0.3788488646448255,0.49122807017543857
VALIDATION,bookmaker_probability,0.4-0.5,225,0.451998909054275,0.4177777777777778
VALIDATION,bookmaker_probability,0.5-0.6,175,0.5495528203754161,0.6228571428571429
VALIDATION,bookmaker_probability,0.6-0.7,130,0.6478178376077194,0.6923076923076923
VALIDATION,bookmaker_probability,0.7-0.8,81,0.745299421153335,0.7283950617283951
VALIDATION,bookmaker_probability,0.8-0.9,35,0.8363184236045381,0.8857142857142857
VALIDATION,bookmaker_probability,0.9-1.0,0,,
VALIDATION,gradient_boosting,0.0-0.1,0,,
VALIDATION,gradient_boosting,0.1-0.2,0,,
VALIDATION,gradient_boosting,0.2-0.3,0,,
VALIDATION,gradient_boosting,0.3-0.4,78,0.375105845245265,0.34615384615384615
VALIDATION,gradient_boosting,0.4-0.5,193,0.445344207399279,0.41450777202072536
VALIDATION,gradient_boosting,0.5-0.6,180,0.555444481090367,0.5444444444444444
VALIDATION,gradient_boosting,0.6-0.7,174,0.6488099366014426,0.6551724137931034
VALIDATION,gradient_boosting,0.7-0.8,112,0.7410651041292571,0.75
VALIDATION,gradient_boosting,0.8-0.9,23,0.8259674651852634,0.9130434782608695
VALIDATION,gradient_boosting,0.9-1.0,0,,
VALIDATION,historical_frequency,0.0-0.1,0,,
VALIDATION,historical_frequency,0.1-0.2,0,,
VALIDATION,historical_frequency,0.2-0.3,0,,
VALIDATION,historical_frequency,0.3-0.4,0,,
VALIDATION,historical_frequency,0.4-0.5,760,0.44617224880382794,0.4723684210526316
VALIDATION,historical_frequency,0.5-0.6,0,,
VALIDATION,historical_frequency,0.6-0.7,0,,
VALIDATION,historical_frequency,0.7-0.8,0,,
VALIDATION,historical_frequency,0.8-0.9,0,,
VALIDATION,historical_frequency,0.9-1.0,0,,
VALIDATION,logistic_regression,0.0-0.1,0,,
VALIDATION,logistic_regression,0.1-0.2,0,,
VALIDATION,logistic_regression,0.2-0.3,0,,
VALIDATION,logistic_regression,0.3-0.4,65,0.37459104274052124,0.35384615384615387
VALIDATION,logistic_regression,0.4-0.5,201,0.44770916516351716,0.4577114427860697
VALIDATION,logistic_regression,0.5-0.6,182,0.5463040438414601,0.521978021978022
VALIDATION,logistic_regression,0.6-0.7,138,0.6440090455194528,0.6376811594202898
VALIDATION,logistic_regression,0.7-0.8,110,0.7469145254096221,0.7545454545454545
VALIDATION,logistic_regression,0.8-0.9,56,0.839668881254242,0.7857142857142857
VALIDATION,logistic_regression,0.9-1.0,8,0.9135856806243774,0.875
VALIDATION,random_forest,0.0-0.1,0,,
VALIDATION,random_forest,0.1-0.2,0,,
VALIDATION,random_forest,0.2-0.3,0,,
VALIDATION,random_forest,0.3-0.4,102,0.3756904992784769,0.39215686274509803
VALIDATION,random_forest,0.4-0.5,238,0.4476813833248611,0.42436974789915966
VALIDATION,random_forest,0.5-0.6,177,0.5541251126147548,0.576271186440678
VALIDATION,random_forest,0.6-0.7,137,0.6458906002649184,0.6934306569343066
VALIDATION,random_forest,0.7-0.8,87,0.7409380840472795,0.8160919540229885
VALIDATION,random_forest,0.8-0.9,19,0.8302808647864899,0.8947368421052632
VALIDATION,random_forest,0.9-1.0,0,,
